latitude,longitude,elevation,utc_offset_seconds,timezone,timezone_abbreviation
25.272406,51.567566,2.0,10800,Asia/Qatar,GMT+3

time,temperature_2m_mean (°C),temperature_2m_max (°C)
2021-01-01,20.1,23.2
2021-01-02,20.0,24.1
2021-01-03,19.8,24.1
2021-01-04,18.7,22.7
2021-01-05,19.3,23.0
2021-01-06,19.4,23.6
2021-01-07,19.6,22.8
2021-01-08,19.9,22.6
2021-01-09,18.4,22.0
2021-01-10,18.1,22.3
2021-01-11,18.2,22.9
2021-01-12,17.5,22.2
2021-01-13,17.1,22.3
2021-01-14,16.4,22.8
2021-01-15,17.9,24.2
2021-01-16,18.8,24.9
2021-01-17,18.4,23.1
2021-01-18,20.2,24.6
2021-01-19,19.6,23.8
2021-01-20,18.8,23.8
2021-01-21,18.4,22.3
2021-01-22,15.5,18.9
2021-01-23,16.6,21.0
2021-01-24,17.4,21.9
2021-01-25,17.8,23.0
2021-01-26,18.7,24.8
2021-01-27,18.9,25.2
2021-01-28,17.6,22.4
2021-01-29,19.4,23.1
2021-01-30,21.3,27.5
2021-01-31,18.8,22.8
2021-02-01,17.7,23.1
2021-02-02,18.5,24.3
2021-02-03,18.6,23.8
2021-02-04,17.6,22.0
2021-02-05,19.6,22.9
2021-02-06,21.5,23.9
2021-02-07,21.8,25.5
2021-02-08,19.4,23.0
2021-02-09,19.6,24.6
2021-02-10,20.0,26.0
2021-02-11,19.4,25.5
2021-02-12,20.5,26.6
2021-02-13,19.9,25.3
2021-02-14,21.2,27.5
2021-02-15,20.7,26.9
2021-02-16,18.6,23.6
2021-02-17,20.4,24.1
2021-02-18,23.7,29.8
2021-02-19,19.5,21.8
2021-02-20,18.7,22.1
2021-02-21,19.6,22.0
2021-02-22,20.8,24.0
2021-02-23,21.1,25.5
2021-02-24,20.5,24.2
2021-02-25,20.0,23.2
2021-02-26,18.2,22.6
2021-02-27,18.6,23.6
2021-02-28,18.5,23.5
2021-03-01,20.1,22.9
2021-03-02,21.2,24.5
2021-03-03,21.5,26.2
2021-03-04,21.6,26.5
2021-03-05,23.6,32.2
2021-03-06,20.5,25.0
2021-03-07,20.3,25.0
2021-03-08,20.0,24.6
2021-03-09,22.3,27.7
2021-03-10,23.0,29.0
2021-03-11,23.3,28.6
2021-03-12,28.2,35.0
2021-03-13,23.0,30.1
2021-03-14,20.2,25.5
2021-03-15,19.0,24.7
2021-03-16,21.2,24.9
2021-03-17,23.0,27.1
2021-03-18,29.4,37.2
2021-03-19,27.2,33.1
2021-03-20,24.4,30.0
2021-03-21,24.1,30.2
2021-03-22,24.3,30.4
2021-03-23,26.2,32.5
2021-03-24,24.8,29.4
2021-03-25,25.8,30.2
2021-03-26,28.1,34.5
2021-03-27,27.9,34.0
2021-03-28,23.7,27.7
2021-03-29,22.5,27.8
2021-03-30,24.1,30.2
2021-03-31,24.5,32.3
2021-04-01,25.9,31.5
2021-04-02,27.1,34.5
2021-04-03,27.0,33.5
2021-04-04,23.6,28.1
2021-04-05,23.8,28.5
2021-04-06,24.3,30.3
2021-04-07,25.3,32.1
2021-04-08,24.8,32.0
2021-04-09,24.0,29.3
2021-04-10,24.7,29.5
2021-04-11,26.5,31.0
2021-04-12,28.2,35.4
2021-04-13,27.8,34.2
2021-04-14,27.5,31.2
2021-04-15,27.8,32.2
2021-04-16,26.0,30.6
2021-04-17,26.7,33.0
2021-04-18,27.3,34.5
2021-04-19,27.9,33.7
2021-04-20,27.5,33.7
2021-04-21,28.5,34.7
2021-04-22,28.5,34.4
2021-04-23,29.2,35.8
2021-04-24,29.5,35.7
2021-04-25,28.9,34.3
2021-04-26,29.3,36.0
2021-04-27,30.1,36.4
2021-04-28,30.2,35.2
2021-04-29,30.6,35.6
2021-04-30,29.7,36.5
2021-05-01,28.4,35.3
2021-05-02,27.5,31.5
2021-05-03,28.2,31.3
2021-05-04,29.1,32.5
2021-05-05,29.0,34.8
2021-05-06,28.6,34.2
2021-05-07,29.5,34.0
2021-05-08,29.9,34.1
2021-05-09,30.9,36.0
2021-05-10,32.0,38.2
2021-05-11,31.1,36.6
2021-05-12,31.5,38.0
2021-05-13,32.7,39.4
2021-05-14,35.0,41.6
2021-05-15,33.3,40.8
2021-05-16,33.5,40.5
2021-05-17,32.4,39.4
2021-05-18,33.0,39.8
2021-05-19,33.7,40.6
2021-05-20,34.9,41.8
2021-05-21,34.5,41.3
2021-05-22,32.2,38.3
2021-05-23,33.7,38.5
2021-05-24,35.3,41.5
2021-05-25,33.5,38.0
2021-05-26,34.2,39.9
2021-05-27,35.3,41.0
2021-05-28,35.7,41.7
2021-05-29,36.0,42.8
2021-05-30,34.7,42.5
2021-05-31,36.2,43.3
2021-06-01,37.0,42.5
2021-06-02,36.2,43.5
2021-06-03,35.8,42.0
2021-06-04,36.4,43.7
2021-06-05,38.1,46.5
2021-06-06,35.0,42.0
2021-06-07,34.6,38.5
2021-06-08,36.8,41.9
2021-06-09,36.0,41.4
2021-06-10,36.4,42.2
2021-06-11,35.7,40.2
2021-06-12,34.2,38.7
2021-06-13,33.8,39.2
2021-06-14,34.6,40.8
2021-06-15,34.0,41.8
2021-06-16,35.7,41.5
2021-06-17,35.5,39.6
2021-06-18,34.4,38.3
2021-06-19,34.0,38.5
2021-06-20,32.5,38.0
2021-06-21,33.0,38.2
2021-06-22,33.2,40.3
2021-06-23,32.4,37.5
2021-06-24,33.8,38.5
2021-06-25,33.2,39.5
2021-06-26,34.5,41.8
2021-06-27,33.4,40.3
2021-06-28,34.5,43.8
2021-06-29,35.3,42.6
2021-06-30,35.3,42.6
2021-07-01,34.9,41.7
2021-07-02,36.3,44.8
2021-07-03,37.9,44.6
2021-07-04,36.3,43.3
2021-07-05,32.3,34.9
2021-07-06,33.4,36.5
2021-07-07,33.9,37.6
2021-07-08,34.3,39.0
2021-07-09,37.8,44.7
2021-07-10,35.1,40.8
2021-07-11,34.2,38.4
2021-07-12,37.2,45.8
2021-07-13,35.2,38.2
2021-07-14,33.9,37.5
2021-07-15,34.0,37.3
2021-07-16,35.0,37.6
2021-07-17,33.9,35.0
2021-07-18,34.5,36.2
2021-07-19,34.6,37.0
2021-07-20,35.4,38.2
2021-07-21,37.2,42.2
2021-07-22,38.6,44.0
2021-07-23,36.9,40.2
2021-07-24,35.4,40.8
2021-07-25,35.6,38.5
2021-07-26,36.6,42.0
2021-07-27,36.9,42.8
2021-07-28,37.5,44.8
2021-07-29,38.3,44.1
2021-07-30,37.8,45.2
2021-07-31,35.8,42.1
2021-08-01,36.5,42.4
2021-08-02,38.2,44.3
2021-08-03,36.2,40.6
2021-08-04,36.6,41.6
2021-08-05,37.4,46.6
2021-08-06,36.1,41.6
2021-08-07,35.5,39.8
2021-08-08,35.7,42.3
2021-08-09,35.8,39.5
2021-08-10,36.3,41.8
2021-08-11,35.7,40.7
2021-08-12,35.1,39.4
2021-08-13,36.2,42.5
2021-08-14,37.7,43.5
2021-08-15,37.8,43.8
2021-08-16,36.1,42.3
2021-08-17,33.9,37.8
2021-08-18,33.7,37.4
2021-08-19,34.0,37.8
2021-08-20,34.2,37.5
2021-08-21,35.0,39.8
2021-08-22,35.5,40.2
2021-08-23,34.8,38.8
2021-08-24,34.5,37.7
2021-08-25,37.1,43.3
2021-08-26,37.6,44.7
2021-08-27,34.9,39.8
2021-08-28,35.0,39.9
2021-08-29,35.2,39.3
2021-08-30,35.4,38.8
2021-08-31,34.9,38.8
2021-09-01,34.5,37.8
2021-09-02,34.6,37.8
2021-09-03,35.5,41.5
2021-09-04,36.1,43.5
2021-09-05,34.7,38.5
2021-09-06,35.2,40.6
2021-09-07,33.8,38.9
2021-09-08,33.6,37.5
2021-09-09,35.5,41.5
2021-09-10,35.9,41.2
2021-09-11,33.5,38.1
2021-09-12,33.5,37.5
2021-09-13,34.5,40.2
2021-09-14,34.1,39.3
2021-09-15,33.5,39.0
2021-09-16,34.1,40.5
2021-09-17,34.1,40.8
2021-09-18,33.0,38.2
2021-09-19,33.6,37.7
2021-09-20,33.2,39.0
2021-09-21,33.8,39.5
2021-09-22,32.7,39.5
2021-09-23,32.4,39.7
2021-09-24,30.4,34.8
2021-09-25,31.2,36.5
2021-09-26,32.7,38.8
2021-09-27,32.0,36.0
2021-09-28,30.3,33.8
2021-09-29,30.9,35.6
2021-09-30,32.1,38.8
2021-10-01,32.7,40.1
2021-10-02,32.7,40.0
2021-10-03,30.6,33.8
2021-10-04,32.4,34.8
2021-10-05,31.9,36.7
2021-10-06,30.9,33.5
2021-10-07,31.1,34.2
2021-10-08,32.1,37.8
2021-10-09,33.4,39.7
2021-10-10,33.0,38.8
2021-10-11,30.5,34.9
2021-10-12,31.4,34.3
2021-10-13,30.9,34.0
2021-10-14,30.2,36.3
2021-10-15,30.0,37.8
2021-10-16,30.2,36.2
2021-10-17,29.3,33.8
2021-10-18,30.9,37.8
2021-10-19,31.1,36.6
2021-10-20,31.0,37.5
2021-10-21,30.2,35.0
2021-10-22,29.3,33.8
2021-10-23,28.7,34.7
2021-10-24,27.7,34.1
2021-10-25,28.4,31.1
2021-10-26,28.9,33.2
2021-10-27,28.2,32.6
2021-10-28,28.0,31.6
2021-10-29,28.6,31.4
2021-10-30,29.3,32.2
2021-10-31,28.4,33.7
2021-11-01,28.2,35.0
2021-11-02,28.3,35.0
2021-11-03,27.2,33.5
2021-11-04,27.0,33.3
2021-11-05,27.1,32.3
2021-11-06,27.0,31.5
2021-11-07,27.2,32.3
2021-11-08,26.9,30.5
2021-11-09,25.9,30.9
2021-11-10,25.8,29.9
2021-11-11,24.7,28.1
2021-11-12,26.4,29.7
2021-11-13,25.1,29.5
2021-11-14,24.5,29.4
2021-11-15,24.2,28.6
2021-11-16,24.3,28.1
2021-11-17,24.9,30.7
2021-11-18,24.6,29.1
2021-11-19,24.1,28.0
2021-11-20,24.3,27.5
2021-11-21,26.1,28.4
2021-11-22,26.1,29.2
2021-11-23,26.1,32.3
2021-11-24,24.7,28.2
2021-11-25,24.1,29.2
2021-11-26,24.4,30.5
2021-11-27,24.0,31.6
2021-11-28,23.8,28.6
2021-11-29,22.3,26.4
2021-11-30,23.1,27.8
2021-12-01,23.0,26.4
2021-12-02,24.1,27.7
2021-12-03,22.5,27.6
2021-12-04,19.9,23.8
2021-12-05,20.0,24.8
2021-12-06,19.6,24.8
2021-12-07,19.9,25.8
2021-12-08,20.7,25.0
2021-12-09,22.4,25.8
2021-12-10,21.8,25.9
2021-12-11,20.8,25.5
2021-12-12,19.7,24.0
2021-12-13,20.4,25.0
2021-12-14,21.0,25.1
2021-12-15,21.4,25.5
2021-12-16,22.6,25.9
2021-12-17,22.6,25.7
2021-12-18,22.9,25.5
2021-12-19,23.1,25.5
2021-12-20,23.0,26.0
2021-12-21,23.4,27.6
2021-12-22,21.3,24.1
2021-12-23,20.4,25.1
2021-12-24,20.4,25.8
2021-12-25,20.5,24.9
2021-12-26,19.6,21.9
2021-12-27,17.9,21.1
2021-12-28,18.4,23.0
2021-12-29,19.0,22.4
2021-12-30,20.8,23.5
2021-12-31,20.8,23.2
2022-01-01,20.7,22.2
2022-01-02,22.3,25.5
2022-01-03,18.7,21.1
2022-01-04,16.3,20.0
2022-01-05,14.4,17.7
2022-01-06,15.6,19.6
2022-01-07,16.4,20.9
2022-01-08,16.8,21.5
2022-01-09,16.3,21.0
2022-01-10,15.9,20.9
2022-01-11,18.4,22.0
2022-01-12,18.7,23.2
2022-01-13,18.8,24.6
2022-01-14,20.1,23.2
2022-01-15,21.6,23.5
2022-01-16,20.4,22.6
2022-01-17,20.6,22.9
2022-01-18,19.4,20.8
2022-01-19,17.8,20.4
2022-01-20,17.2,20.6
2022-01-21,13.4,15.6
2022-01-22,12.7,16.9
2022-01-23,14.2,19.6
2022-01-24,15.7,21.9
2022-01-25,17.3,23.9
2022-01-26,17.8,22.6
2022-01-27,19.0,22.9
2022-01-28,18.0,21.2
2022-01-29,17.0,21.5
2022-01-30,17.5,22.8
2022-01-31,18.0,22.9
2022-02-01,19.8,27.3
2022-02-02,18.0,22.3
2022-02-03,17.7,23.2
2022-02-04,19.3,24.2
2022-02-05,20.0,26.0
2022-02-06,17.8,21.7
2022-02-07,16.9,21.1
2022-02-08,17.5,22.2
2022-02-09,17.6,22.9
2022-02-10,16.1,20.5
2022-02-11,18.7,22.5
2022-02-12,20.3,25.0
2022-02-13,17.3,21.1
2022-02-14,18.6,23.0
2022-02-15,19.2,24.5
2022-02-16,18.7,24.8
2022-02-17,18.5,24.0
2022-02-18,18.5,22.7
2022-02-19,19.6,23.5
2022-02-20,22.3,27.1
2022-02-21,20.5,23.8
2022-02-22,19.2,24.5
2022-02-23,19.0,25.3
2022-02-24,18.7,24.9
2022-02-25,19.6,23.3
2022-02-26,20.5,24.4
2022-02-27,21.8,26.4
2022-02-28,20.9,25.9
2022-03-01,20.9,26.6
2022-03-02,20.1,27.4
2022-03-03,20.1,26.5
2022-03-04,22.7,26.1
2022-03-05,21.9,25.3
2022-03-06,21.2,26.0
2022-03-07,22.8,27.9
2022-03-08,25.7,32.8
2022-03-09,22.5,26.5
2022-03-10,24.9,30.9
2022-03-11,29.1,37.7
2022-03-12,24.3,29.7
2022-03-13,23.0,28.4
2022-03-14,23.3,27.9
2022-03-15,25.1,30.1
2022-03-16,23.0,28.0
2022-03-17,18.2,21.1
2022-03-18,18.2,23.2
2022-03-19,19.7,26.0
2022-03-20,22.5,30.5
2022-03-21,23.6,31.5
2022-03-22,23.3,29.3
2022-03-23,24.4,30.5
2022-03-24,25.8,29.8
2022-03-25,24.4,28.8
2022-03-26,23.6,29.4
2022-03-27,21.0,25.2
2022-03-28,20.7,25.5
2022-03-29,20.9,25.6
2022-03-30,22.5,29.2
2022-03-31,23.3,29.6
2022-04-01,26.9,35.8
2022-04-02,27.6,34.7
2022-04-03,26.5,34.0
2022-04-04,24.1,32.1
2022-04-05,25.3,31.2
2022-04-06,25.6,30.9
2022-04-07,26.5,32.8
2022-04-08,27.9,36.0
2022-04-09,25.8,31.2
2022-04-10,28.1,35.5
2022-04-11,27.2,34.8
2022-04-12,28.2,35.9
2022-04-13,29.4,34.2
2022-04-14,28.9,33.5
2022-04-15,30.0,34.1
2022-04-16,30.5,34.8
2022-04-17,28.7,33.8
2022-04-18,27.1,32.8
2022-04-19,25.8,33.1
2022-04-20,25.2,29.5
2022-04-21,26.1,30.9
2022-04-22,28.3,32.8
2022-04-23,28.3,35.2
2022-04-24,27.6,31.9
2022-04-25,28.8,33.9
2022-04-26,28.4,33.5
2022-04-27,27.6,32.5
2022-04-28,28.2,33.3
2022-04-29,28.4,34.6
2022-04-30,26.9,32.0
2022-05-01,27.5,32.2
2022-05-02,29.1,32.9
2022-05-03,29.7,35.0
2022-05-04,32.3,38.8
2022-05-05,31.5,35.5
2022-05-06,31.7,39.7
2022-05-07,30.1,33.1
2022-05-08,30.0,34.0
2022-05-09,29.6,34.8
2022-05-10,29.6,35.8
2022-05-11,31.8,39.3
2022-05-12,32.1,37.7
2022-05-13,31.4,36.1
2022-05-14,29.6,33.5
2022-05-15,29.1,32.0
2022-05-16,31.1,38.8
2022-05-17,31.2,37.2
2022-05-18,33.7,40.0
2022-05-19,34.9,41.4
2022-05-20,35.9,42.7
2022-05-21,36.7,42.8
2022-05-22,34.1,39.5
2022-05-23,31.7,38.0
2022-05-24,31.1,37.0
2022-05-25,31.6,36.7
2022-05-26,32.9,38.6
2022-05-27,33.0,38.0
2022-05-28,33.1,39.5
2022-05-29,33.3,38.5
2022-05-30,35.4,41.6
2022-05-31,33.2,41.0
2022-06-01,29.2,34.0
2022-06-02,30.6,35.2
2022-06-03,32.1,38.3
2022-06-04,32.1,39.7
2022-06-05,32.5,40.3
2022-06-06,32.6,38.0
2022-06-07,33.2,40.7
2022-06-08,33.1,40.5
2022-06-09,36.9,44.2
2022-06-10,39.2,45.7
2022-06-11,36.9,41.3
2022-06-12,35.5,40.5
2022-06-13,31.2,34.8
2022-06-14,31.2,34.7
2022-06-15,33.0,37.9
2022-06-16,36.3,42.3
2022-06-17,36.6,42.0
2022-06-18,32.7,37.7
2022-06-19,33.6,41.7
2022-06-20,34.5,43.9
2022-06-21,35.2,40.7
2022-06-22,36.5,43.2
2022-06-23,32.8,37.2
2022-06-24,32.6,35.5
2022-06-25,37.1,44.2
2022-06-26,38.8,46.5
2022-06-27,36.3,41.7
2022-06-28,35.1,40.7
2022-06-29,34.1,39.6
2022-06-30,35.0,41.7
2022-07-01,36.3,42.0
2022-07-02,36.6,41.5
2022-07-03,37.0,41.8
2022-07-04,35.3,42.8
2022-07-05,33.9,39.5
2022-07-06,33.9,40.6
2022-07-07,33.5,37.7
2022-07-08,33.3,36.2
2022-07-09,33.6,36.7
2022-07-10,34.6,39.7
2022-07-11,33.2,36.5
2022-07-12,34.0,36.9
2022-07-13,35.4,41.5
2022-07-14,33.8,40.1
2022-07-15,33.7,37.4
2022-07-16,34.6,38.7
2022-07-17,34.8,39.2
2022-07-18,36.3,41.8
2022-07-19,36.0,43.4
2022-07-20,34.9,39.5
2022-07-21,35.5,38.8
2022-07-22,35.8,39.2
2022-07-23,35.4,39.2
2022-07-24,34.6,39.8
2022-07-25,34.2,40.1
2022-07-26,35.5,42.2
2022-07-27,34.2,36.5
2022-07-28,30.9,32.6
2022-07-29,33.0,35.0
2022-07-30,33.0,34.9
2022-07-31,33.2,35.5
2022-08-01,33.9,37.3
2022-08-02,34.9,38.9
2022-08-03,35.8,39.7
2022-08-04,36.1,40.5
2022-08-05,35.2,41.2
2022-08-06,37.0,46.7
2022-08-07,36.6,43.5
2022-08-08,35.2,39.0
2022-08-09,36.3,42.9
2022-08-10,36.5,41.5
2022-08-11,35.9,40.0
2022-08-12,35.8,39.5
2022-08-13,35.1,38.5
2022-08-14,35.4,38.9
2022-08-15,34.7,40.3
2022-08-16,35.9,39.8
2022-08-17,36.1,41.1
2022-08-18,35.4,39.6
2022-08-19,35.2,39.1
2022-08-20,35.5,39.8
2022-08-21,35.6,41.0
2022-08-22,35.2,39.6
2022-08-23,35.8,41.2
2022-08-24,36.1,39.7
2022-08-25,34.9,38.0
2022-08-26,34.8,38.0
2022-08-27,34.4,38.0
2022-08-28,34.2,39.2
2022-08-29,34.1,38.4
2022-08-30,33.9,37.5
2022-08-31,33.8,37.5
2022-09-01,34.3,40.5
2022-09-02,33.7,38.1
2022-09-03,33.8,38.0
2022-09-04,34.0,38.5
2022-09-05,35.1,42.2
2022-09-06,35.3,40.8
2022-09-07,34.9,38.8
2022-09-08,34.4,38.8
2022-09-09,33.5,37.0
2022-09-10,33.0,36.5
2022-09-11,34.2,39.8
2022-09-12,34.4,42.0
2022-09-13,32.9,36.2
2022-09-14,33.5,37.2
2022-09-15,34.4,38.8
2022-09-16,35.3,40.7
2022-09-17,34.7,40.3
2022-09-18,31.9,36.7
2022-09-19,31.6,33.9
2022-09-20,32.6,35.3
2022-09-21,33.5,36.5
2022-09-22,33.4,37.3
2022-09-23,33.8,37.5
2022-09-24,33.7,40.2
2022-09-25,33.9,39.8
2022-09-26,32.6,37.8
2022-09-27,32.1,37.7
2022-09-28,32.3,38.7
2022-09-29,30.4,36.8
2022-09-30,30.2,34.3
2022-10-01,31.0,36.2
2022-10-02,31.7,39.5
2022-10-03,30.1,33.9
2022-10-04,31.2,34.3
2022-10-05,31.6,37.4
2022-10-06,33.0,40.8
2022-10-07,30.7,36.7
2022-10-08,31.0,34.9
2022-10-09,31.0,35.1
2022-10-10,30.8,36.0
2022-10-11,31.2,39.7
2022-10-12,31.0,36.6
2022-10-13,29.9,34.6
2022-10-14,29.4,33.7
2022-10-15,30.5,34.0
2022-10-16,30.8,35.1
2022-10-17,30.3,36.0
2022-10-18,30.4,36.0
2022-10-19,30.0,36.2
2022-10-20,29.5,33.1
2022-10-21,30.5,35.2
2022-10-22,30.5,35.9
2022-10-23,29.1,33.5
2022-10-24,28.4,33.0
2022-10-25,29.4,34.2
2022-10-26,28.9,33.0
2022-10-27,29.0,32.8
2022-10-28,30.2,36.0
2022-10-29,28.9,34.4
2022-10-30,27.8,31.8
2022-10-31,28.4,32.3
2022-11-01,29.0,33.5
2022-11-02,29.4,34.6
2022-11-03,29.9,33.8
2022-11-04,28.4,31.9
2022-11-05,27.8,30.8
2022-11-06,27.3,30.5
2022-11-07,28.5,31.4
2022-11-08,29.9,34.7
2022-11-09,30.4,36.7
2022-11-10,29.8,34.4
2022-11-11,28.7,32.8
2022-11-12,29.3,34.8
2022-11-13,27.7,33.4
2022-11-14,27.3,31.5
2022-11-15,26.8,31.4
2022-11-16,27.0,32.2
2022-11-17,27.9,31.4
2022-11-18,27.7,32.7
2022-11-19,26.6,30.4
2022-11-20,25.2,29.1
2022-11-21,23.4,27.5
2022-11-22,23.0,27.5
2022-11-23,22.6,27.4
2022-11-24,23.7,28.4
2022-11-25,24.3,28.5
2022-11-26,25.1,30.1
2022-11-27,25.4,31.9
2022-11-28,25.5,31.6
2022-11-29,24.7,28.5
2022-11-30,24.3,29.0
2022-12-01,24.2,29.1
2022-12-02,24.4,30.2
2022-12-03,24.5,29.2
2022-12-04,24.0,28.5
2022-12-05,23.6,27.7
2022-12-06,24.9,28.6
2022-12-07,24.9,28.5
2022-12-08,23.3,26.0
2022-12-09,22.5,25.1
2022-12-10,20.3,23.5
2022-12-11,20.1,24.3
2022-12-12,20.6,25.4
2022-12-13,19.9,23.9
2022-12-14,20.6,24.6
2022-12-15,21.9,26.0
2022-12-16,22.0,26.0
2022-12-17,21.9,26.4
2022-12-18,20.9,25.5
2022-12-19,20.6,24.9
2022-12-20,21.2,25.1
2022-12-21,21.8,25.6
2022-12-22,21.2,25.5
2022-12-23,22.5,25.1
2022-12-24,23.4,26.5
2022-12-25,20.9,24.6
2022-12-26,18.2,21.8
2022-12-27,18.6,22.8
2022-12-28,17.6,20.5
2022-12-29,17.6,21.8
2022-12-30,18.0,21.7
2022-12-31,18.6,23.3
2023-01-01,19.3,22.9
2023-01-02,18.8,23.1
2023-01-03,17.6,20.5
2023-01-04,19.7,22.4
2023-01-05,19.3,22.6
2023-01-06,17.6,18.9
2023-01-07,17.5,19.9
2023-01-08,16.5,20.1
2023-01-09,16.7,19.3
2023-01-10,18.2,20.2
2023-01-11,15.4,18.5
2023-01-12,15.2,18.3
2023-01-13,16.8,20.5
2023-01-14,18.7,21.4
2023-01-15,19.5,22.0
2023-01-16,19.6,21.8
2023-01-17,20.6,24.9
2023-01-18,15.9,18.9
2023-01-19,15.9,20.1
2023-01-20,16.4,20.7
2023-01-21,16.7,20.6
2023-01-22,17.6,21.5
2023-01-23,18.1,21.1
2023-01-24,18.4,21.7
2023-01-25,18.5,20.8
2023-01-26,17.2,19.0
2023-01-27,16.5,18.1
2023-01-28,15.5,19.4
2023-01-29,15.3,19.8
2023-01-30,15.0,20.6
2023-01-31,18.4,20.6
2023-02-01,20.7,23.1
2023-02-02,19.7,23.5
2023-02-03,19.0,22.8
2023-02-04,16.9,21.2
2023-02-05,17.5,22.2
2023-02-06,19.3,22.6
2023-02-07,22.8,28.8
2023-02-08,19.9,23.7
2023-02-09,18.3,21.9
2023-02-10,16.7,20.4
2023-02-11,17.3,22.1
2023-02-12,18.9,22.5
2023-02-13,21.4,26.6
2023-02-14,21.1,26.0
2023-02-15,23.6,27.9
2023-02-16,19.5,23.2
2023-02-17,18.1,21.7
2023-02-18,17.0,21.0
2023-02-19,17.3,22.4
2023-02-20,17.6,22.6
2023-02-21,18.9,25.5
2023-02-22,19.4,25.5
2023-02-23,21.1,28.4
2023-02-24,22.0,26.2
2023-02-25,22.1,26.1
2023-02-26,22.6,25.4
2023-02-27,22.8,25.2
2023-02-28,22.8,26.4
2023-03-01,22.2,27.5
2023-03-02,21.0,26.2
2023-03-03,20.1,26.0
2023-03-04,20.6,26.0
2023-03-05,22.0,27.0
2023-03-06,23.8,29.6
2023-03-07,24.7,32.3
2023-03-08,23.6,28.0
2023-03-09,24.7,30.6
2023-03-10,25.7,32.5
2023-03-11,23.5,26.5
2023-03-12,23.9,26.6
2023-03-13,23.1,26.5
2023-03-14,22.7,25.5
2023-03-15,23.3,26.1
2023-03-16,23.9,27.4
2023-03-17,23.0,27.6
2023-03-18,23.1,29.0
2023-03-19,23.4,28.7
2023-03-20,24.0,29.1
2023-03-21,23.7,28.4
2023-03-22,22.1,27.1
2023-03-23,21.8,27.0
2023-03-24,22.3,27.9
2023-03-25,21.8,27.0
2023-03-26,22.6,25.5
2023-03-27,24.2,27.2
2023-03-28,24.2,28.5
2023-03-29,23.5,28.5
2023-03-30,23.6,28.5
2023-03-31,23.8,28.7
2023-04-01,22.7,26.6
2023-04-02,20.4,24.6
2023-04-03,21.4,26.0
2023-04-04,23.2,28.4
2023-04-05,23.6,30.9
2023-04-06,22.1,27.7
2023-04-07,23.4,28.2
2023-04-08,24.7,30.6
2023-04-09,24.7,32.8
2023-04-10,24.1,30.2
2023-04-11,25.5,31.7
2023-04-12,26.3,31.8
2023-04-13,25.3,26.9
2023-04-14,24.6,27.5
2023-04-15,23.9,27.9
2023-04-16,24.6,28.6
2023-04-17,24.3,29.8
2023-04-18,25.1,29.6
2023-04-19,25.3,29.7
2023-04-20,25.5,30.9
2023-04-21,26.0,30.3
2023-04-22,26.0,30.4
2023-04-23,27.9,35.5
2023-04-24,29.6,37.0
2023-04-25,27.4,31.4
2023-04-26,27.5,32.5
2023-04-27,27.9,34.8
2023-04-28,27.9,35.0
2023-04-29,29.1,35.3
2023-04-30,30.3,37.2
2023-05-01,28.5,33.5
2023-05-02,28.9,34.5
2023-05-03,29.0,34.7
2023-05-04,29.4,35.0
2023-05-05,28.5,34.2
2023-05-06,26.7,34.3
2023-05-07,26.0,31.2
2023-05-08,27.4,32.0
2023-05-09,29.3,34.5
2023-05-10,30.5,37.7
2023-05-11,31.0,35.4
2023-05-12,33.0,39.2
2023-05-13,33.9,41.6
2023-05-14,32.9,39.5
2023-05-15,31.7,36.5
2023-05-16,31.7,35.7
2023-05-17,31.2,35.5
2023-05-18,31.2,36.5
2023-05-19,31.6,35.8
2023-05-20,31.5,35.0
2023-05-21,30.7,34.0
2023-05-22,32.5,35.7
2023-05-23,31.4,35.7
2023-05-24,32.2,37.5
2023-05-25,33.8,39.0
2023-05-26,33.5,39.4
2023-05-27,34.1,39.2
2023-05-28,34.6,40.0
2023-05-29,34.7,41.8
2023-05-30,33.4,38.0
2023-05-31,35.7,40.4
2023-06-01,35.3,40.5
2023-06-02,35.0,40.2
2023-06-03,34.3,40.0
2023-06-04,32.9,39.8
2023-06-05,30.9,37.1
2023-06-06,31.5,38.2
2023-06-07,34.6,41.8
2023-06-08,35.8,44.8
2023-06-09,34.8,41.7
2023-06-10,35.6,42.5
2023-06-11,34.4,39.1
2023-06-12,36.5,44.7
2023-06-13,36.9,43.4
2023-06-14,36.9,42.3
2023-06-15,37.6,42.1
2023-06-16,37.4,42.9
2023-06-17,35.9,41.0
2023-06-18,34.1,41.5
2023-06-19,32.8,40.1
2023-06-20,33.6,38.7
2023-06-21,35.1,41.8
2023-06-22,35.3,42.1
2023-06-23,36.7,43.2
2023-06-24,38.4,45.0
2023-06-25,38.0,43.8
2023-06-26,35.4,42.5
2023-06-27,31.8,36.0
2023-06-28,32.9,39.5
2023-06-29,33.8,41.7
2023-06-30,36.0,43.2
2023-07-01,37.2,43.8
2023-07-02,37.3,44.0
2023-07-03,36.8,43.1
2023-07-04,36.6,43.3
2023-07-05,37.2,43.4
2023-07-06,35.8,42.2
2023-07-07,35.4,44.2
2023-07-08,35.3,43.2
2023-07-09,34.4,40.4
2023-07-10,33.7,41.0
2023-07-11,35.1,41.3
2023-07-12,38.3,44.8
2023-07-13,37.7,42.7
2023-07-14,33.9,40.5
2023-07-15,34.3,39.8
2023-07-16,35.3,40.7
2023-07-17,37.6,45.8
2023-07-18,36.8,45.6
2023-07-19,37.5,45.2
2023-07-20,38.6,45.6
2023-07-21,36.7,42.2
2023-07-22,36.3,43.8
2023-07-23,36.2,42.0
2023-07-24,35.1,41.0
2023-07-25,35.3,44.5
2023-07-26,34.2,38.3
2023-07-27,34.6,39.5
2023-07-28,34.8,41.3
2023-07-29,35.8,43.3
2023-07-30,36.2,42.7
2023-07-31,38.1,46.9
2023-08-01,38.2,47.6
2023-08-02,36.5,42.2
2023-08-03,36.7,42.5
2023-08-04,39.0,45.6
2023-08-05,35.5,41.5
2023-08-06,35.6,40.4
2023-08-07,38.4,45.8
2023-08-08,38.4,45.5
2023-08-09,36.7,44.0
2023-08-10,35.1,40.5
2023-08-11,35.6,39.2
2023-08-12,36.5,41.1
2023-08-13,37.0,42.1
2023-08-14,36.7,44.8
2023-08-15,35.4,40.0
2023-08-16,36.1,38.6
2023-08-17,36.8,39.0
2023-08-18,36.2,40.5
2023-08-19,35.7,41.7
2023-08-20,35.0,39.3
2023-08-21,35.0,39.6
2023-08-22,35.0,41.5
2023-08-23,37.6,44.8
2023-08-24,37.5,45.3
2023-08-25,36.0,42.5
2023-08-26,35.5,43.0
2023-08-27,34.9,40.3
2023-08-28,36.2,43.5
2023-08-29,34.7,38.2
2023-08-30,35.5,40.1
2023-08-31,36.2,42.4
2023-09-01,37.2,42.0
2023-09-02,34.5,39.5
2023-09-03,33.2,36.7
2023-09-04,34.0,38.5
2023-09-05,35.2,42.0
2023-09-06,34.4,39.5
2023-09-07,34.9,40.9
2023-09-08,36.0,42.5
2023-09-09,36.4,44.5
2023-09-10,37.5,45.0
2023-09-11,33.5,38.0
2023-09-12,34.5,38.2
2023-09-13,35.1,41.0
2023-09-14,36.4,44.8
2023-09-15,37.1,42.8
2023-09-16,36.7,42.2
2023-09-17,36.5,42.1
2023-09-18,35.5,41.5
2023-09-19,33.2,39.9
2023-09-20,32.7,37.9
2023-09-21,34.6,41.9
2023-09-22,33.9,40.8
2023-09-23,32.8,40.1
2023-09-24,33.6,39.2
2023-09-25,32.2,37.2
2023-09-26,33.0,37.9
2023-09-27,34.0,40.2
2023-09-28,33.4,38.0
2023-09-29,33.1,39.5
2023-09-30,32.2,38.5
2023-10-01,33.1,40.1
2023-10-02,33.4,39.6
2023-10-03,33.0,39.5
2023-10-04,33.8,41.2
2023-10-05,34.8,42.2
2023-10-06,34.4,39.5
2023-10-07,33.8,38.9
2023-10-08,33.5,40.8
2023-10-09,32.9,40.7
2023-10-10,31.9,38.4
2023-10-11,31.2,36.5
2023-10-12,31.8,36.7
2023-10-13,32.5,40.7
2023-10-14,31.5,39.5
2023-10-15,31.5,39.2
2023-10-16,30.8,37.8
2023-10-17,31.1,37.6
2023-10-18,30.5,34.0
2023-10-19,31.5,38.3
2023-10-20,32.0,38.7
2023-10-21,31.8,39.0
2023-10-22,30.5,36.8
2023-10-23,30.7,35.5
2023-10-24,30.4,35.8
2023-10-25,29.9,33.3
2023-10-26,28.5,31.1
2023-10-27,28.8,33.8
2023-10-28,28.0,32.2
2023-10-29,28.6,31.9
2023-10-30,28.4,31.5
2023-10-31,29.4,32.5
2023-11-01,29.5,32.7
2023-11-02,28.7,32.8
2023-11-03,27.8,31.2
2023-11-04,27.5,32.8
2023-11-05,27.6,32.6
2023-11-06,26.9,32.5
2023-11-07,26.5,31.3
2023-11-08,26.7,32.2
2023-11-09,26.9,30.7
2023-11-10,26.8,29.5
2023-11-11,27.4,30.1
2023-11-12,27.6,30.8
2023-11-13,26.8,31.0
2023-11-14,26.3,30.7
2023-11-15,27.1,31.0
2023-11-16,27.3,29.6
2023-11-17,24.7,28.0
2023-11-18,23.8,28.2
2023-11-19,23.7,27.7
2023-11-20,26.0,28.8
2023-11-21,27.1,30.6
2023-11-22,25.3,28.9
2023-11-23,22.9,26.4
2023-11-24,23.0,26.0
2023-11-25,24.2,29.0
2023-11-26,23.5,27.3
2023-11-27,25.5,30.9
2023-11-28,27.0,32.9
2023-11-29,24.3,28.3
2023-11-30,21.6,26.2
2023-12-01,21.8,27.3
2023-12-02,22.1,27.6
2023-12-03,22.2,27.4
2023-12-04,22.5,26.8
2023-12-05,22.3,27.5
2023-12-06,21.4,26.0
2023-12-07,21.3,26.7
2023-12-08,21.5,28.1
2023-12-09,20.4,26.0
2023-12-10,21.7,27.6
2023-12-11,22.2,29.2
2023-12-12,20.4,25.4
2023-12-13,22.1,28.2
2023-12-14,20.7,24.4
2023-12-15,19.8,23.5
2023-12-16,20.4,25.2
2023-12-17,22.2,27.2
2023-12-18,22.2,25.9
2023-12-19,21.5,25.8
2023-12-20,21.4,25.5
2023-12-21,20.3,25.5
2023-12-22,19.7,24.9
2023-12-23,21.0,25.2
2023-12-24,23.1,27.5
2023-12-25,22.4,25.8
2023-12-26,22.6,27.5
2023-12-27,22.3,27.5
2023-12-28,21.7,27.3
2023-12-29,22.1,27.6
2023-12-30,22.0,25.4
2023-12-31,21.4,24.1
2024-01-01,21.2,26.4
2024-01-02,20.7,25.2
2024-01-03,19.8,24.5
2024-01-04,19.8,23.9
2024-01-05,19.2,24.0
2024-01-06,19.1,23.9
2024-01-07,19.5,23.9
2024-01-08,19.7,24.3
2024-01-09,19.5,23.3
2024-01-10,18.7,23.6
2024-01-11,20.0,24.8
2024-01-12,21.3,26.1
2024-01-13,21.0,26.5
2024-01-14,21.9,26.8
2024-01-15,22.7,29.0
2024-01-16,21.4,26.9
2024-01-17,20.3,24.5
2024-01-18,19.0,23.5
2024-01-19,19.3,23.7
2024-01-20,18.5,24.0
2024-01-21,19.0,24.8
2024-01-22,19.2,25.2
2024-01-23,19.0,25.8
2024-01-24,20.2,26.9
2024-01-25,21.7,28.9
2024-01-26,21.6,26.6
2024-01-27,21.8,25.1
2024-01-28,20.3,24.5
2024-01-29,19.2,22.7
2024-01-30,20.8,24.7
2024-01-31,22.5,26.0
2024-02-01,21.9,24.4
2024-02-02,18.6,22.0
2024-02-03,17.5,21.8
2024-02-04,17.7,21.9
2024-02-05,17.6,22.2
2024-02-06,18.5,23.5
2024-02-07,18.5,23.8
2024-02-08,17.9,22.9
2024-02-09,17.7,23.6
2024-02-10,17.3,21.5
2024-02-11,18.7,20.0
2024-02-12,18.2,21.1
2024-02-13,18.6,22.6
2024-02-14,19.7,23.1
2024-02-15,21.7,24.5
2024-02-16,24.0,28.0
2024-02-17,24.4,31.4
2024-02-18,20.2,24.0
2024-02-19,19.5,24.2
2024-02-20,19.3,24.5
2024-02-21,19.9,25.6
2024-02-22,19.9,25.7
2024-02-23,20.5,26.3
2024-02-24,21.6,28.5
2024-02-25,21.5,26.7
2024-02-26,19.2,23.1
2024-02-27,18.6,24.6
2024-02-28,18.7,21.4
2024-02-29,18.2,22.5
2024-03-01,17.7,22.3
2024-03-02,16.9,21.3
2024-03-03,18.3,21.6
2024-03-04,20.6,24.1
2024-03-05,20.4,25.4
2024-03-06,20.2,24.6
2024-03-07,20.5,24.3
2024-03-08,21.7,26.0
2024-03-09,20.6,23.6
2024-03-10,19.3,24.3
2024-03-11,21.4,25.2
2024-03-12,21.0,25.1
2024-03-13,19.1,23.9
2024-03-14,20.7,25.1
2024-03-15,22.3,25.7
2024-03-16,24.1,27.5
2024-03-17,24.8,29.0
2024-03-18,24.4,30.5
2024-03-19,25.0,30.1
2024-03-20,23.7,26.0
2024-03-21,22.7,27.5
2024-03-22,22.1,25.9
2024-03-23,24.1,28.8
2024-03-24,25.0,27.5
2024-03-25,24.2,27.8
2024-03-26,20.9,25.0
2024-03-27,21.5,27.3
2024-03-28,22.9,30.4
2024-03-29,23.6,29.3
2024-03-30,22.4,28.0
2024-03-31,24.6,31.0
2024-04-01,25.5,31.5
2024-04-02,25.5,32.5
2024-04-03,25.5,32.3
2024-04-04,25.7,32.3
2024-04-05,26.2,34.2
2024-04-06,26.1,34.0
2024-04-07,26.0,34.2
2024-04-08,27.2,31.9
2024-04-09,27.8,31.6
2024-04-10,29.2,36.8
2024-04-11,26.6,30.0
2024-04-12,27.3,31.8
2024-04-13,25.9,30.8
2024-04-14,26.0,31.4
2024-04-15,25.8,31.0
2024-04-16,22.1,24.5
2024-04-17,23.7,28.0
2024-04-18,24.2,29.7
2024-04-19,24.4,29.5
2024-04-20,25.4,31.5
2024-04-21,27.1,32.8
2024-04-22,28.6,34.1
2024-04-23,27.7,32.5
2024-04-24,28.9,35.5
2024-04-25,26.2,30.1
2024-04-26,27.0,32.5
2024-04-27,28.0,33.9
2024-04-28,28.0,32.9
2024-04-29,28.4,32.8
2024-04-30,28.2,33.0
2024-05-01,25.3,27.2
2024-05-02,25.5,28.9
2024-05-03,27.5,31.1
2024-05-04,29.8,36.0
2024-05-05,28.6,33.1
2024-05-06,29.2,34.2
2024-05-07,31.2,38.0
2024-05-08,30.6,34.7
2024-05-09,29.8,34.3
2024-05-10,29.5,35.0
2024-05-11,30.5,37.4
2024-05-12,29.7,36.5
2024-05-13,30.7,36.2
2024-05-14,33.1,38.5
2024-05-15,33.1,38.9
2024-05-16,33.0,37.9
2024-05-17,33.7,39.0
2024-05-18,31.8,36.5
2024-05-19,31.6,37.5
2024-05-20,33.2,40.2
2024-05-21,33.3,41.7
2024-05-22,34.0,40.4
2024-05-23,33.3,40.5
2024-05-24,35.2,41.0
2024-05-25,35.6,43.0
2024-05-26,36.2,44.0
2024-05-27,35.1,41.3
2024-05-28,34.8,41.2
2024-05-29,36.5,42.8
2024-05-30,34.7,42.7
2024-05-31,31.6,38.2
2024-06-01,33.3,42.2
2024-06-02,35.8,42.3
2024-06-03,35.0,41.0
2024-06-04,32.6,37.8
2024-06-05,33.6,42.6
2024-06-06,33.8,39.3
2024-06-07,34.5,42.1
2024-06-08,33.3,39.7
2024-06-09,32.7,37.0
2024-06-10,33.2,39.7
2024-06-11,35.3,45.2
2024-06-12,37.3,46.5
2024-06-13,37.1,42.5
2024-06-14,37.5,45.1
2024-06-15,35.4,43.5
2024-06-16,34.2,40.0
2024-06-17,35.2,42.7
2024-06-18,35.7,42.0
2024-06-19,37.7,46.1
2024-06-20,37.7,45.5
2024-06-21,35.8,43.5
2024-06-22,36.1,45.2
2024-06-23,35.6,41.4
2024-06-24,37.0,44.6
2024-06-25,38.7,46.5
2024-06-26,39.4,46.0
2024-06-27,37.7,45.9
2024-06-28,35.7,42.1
2024-06-29,35.5,44.2
2024-06-30,35.6,44.1
2024-07-01,37.8,45.7
2024-07-02,39.0,45.5
2024-07-03,39.1,44.2
2024-07-04,37.9,43.8
2024-07-05,38.3,44.3
2024-07-06,36.4,45.1
2024-07-07,34.8,40.8
2024-07-08,35.1,41.2
2024-07-09,35.4,41.2
2024-07-10,35.9,41.2
2024-07-11,36.6,42.9
2024-07-12,38.8,47.4
2024-07-13,39.7,47.6
2024-07-14,38.3,44.1
2024-07-15,38.0,44.5
2024-07-16,35.3,41.5
2024-07-17,37.4,44.4
2024-07-18,38.9,45.5
2024-07-19,38.1,44.8
2024-07-20,36.8,43.1
2024-07-21,38.5,45.6
2024-07-22,38.7,44.8
2024-07-23,38.9,45.6
2024-07-24,38.1,46.3
2024-07-25,39.0,46.4
2024-07-26,38.4,46.0
2024-07-27,39.0,45.2
2024-07-28,39.1,44.9
2024-07-29,38.4,43.7
2024-07-30,34.7,40.7
2024-07-31,33.9,38.2
2024-08-01,36.5,42.2
2024-08-02,39.1,45.4
2024-08-03,38.9,44.0
2024-08-04,38.6,44.3
2024-08-05,37.3,44.0
2024-08-06,34.8,40.1
2024-08-07,35.3,40.9
2024-08-08,35.2,40.7
2024-08-09,34.3,37.2
2024-08-10,34.8,38.0
2024-08-11,34.8,38.9
2024-08-12,34.8,38.9
2024-08-13,35.3,39.5
2024-08-14,35.3,39.7
2024-08-15,35.0,39.6
2024-08-16,37.1,45.5
2024-08-17,35.0,40.5
2024-08-18,34.5,37.8
2024-08-19,35.3,38.7
2024-08-20,35.5,38.6
2024-08-21,35.7,39.3
2024-08-22,35.4,38.2
2024-08-23,35.1,38.3
2024-08-24,35.6,40.4
2024-08-25,36.0,40.8
2024-08-26,36.4,42.8
2024-08-27,36.3,42.2
2024-08-28,36.1,40.8
2024-08-29,36.6,44.0
2024-08-30,37.3,44.0
2024-08-31,35.3,41.3
2024-09-01,33.8,38.7
2024-09-02,34.3,38.7
2024-09-03,34.2,39.5
2024-09-04,33.9,39.1
2024-09-05,34.2,39.5
2024-09-06,34.2,40.5
2024-09-07,33.2,38.2
2024-09-08,33.8,39.2
2024-09-09,33.9,39.8
2024-09-10,36.1,45.0
2024-09-11,34.4,41.0
2024-09-12,33.9,38.3
2024-09-13,34.8,40.5
2024-09-14,33.9,38.8
2024-09-15,35.2,41.3
2024-09-16,35.1,40.4
2024-09-17,34.2,39.0
2024-09-18,33.5,39.2
2024-09-19,33.6,38.9
2024-09-20,32.8,37.5
2024-09-21,33.0,38.2
2024-09-22,33.4,38.2
2024-09-23,34.0,41.0
2024-09-24,34.4,40.8
2024-09-25,34.5,41.7
2024-09-26,34.2,40.0
2024-09-27,32.5,38.2
2024-09-28,32.4,40.5
2024-09-29,31.4,37.2
2024-09-30,33.2,38.9
2024-10-01,34.2,39.3
2024-10-02,33.6,37.3
2024-10-03,33.1,38.1
2024-10-04,32.9,38.8
2024-10-05,31.6,36.8
2024-10-06,30.8,37.2
2024-10-07,29.7,33.8
2024-10-08,32.0,35.5
2024-10-09,31.1,34.5
2024-10-10,31.1,35.6
2024-10-11,31.2,35.7
2024-10-12,30.7,34.4
2024-10-13,31.3,36.2
2024-10-14,30.1,34.9
2024-10-15,30.9,35.3
2024-10-16,29.8,34.7
2024-10-17,30.2,33.9
2024-10-18,30.4,33.5
2024-10-19,31.7,34.1
2024-10-20,31.4,36.9
2024-10-21,30.7,37.7
2024-10-22,30.2,35.2
2024-10-23,30.2,33.9
2024-10-24,30.6,34.8
2024-10-25,28.4,32.2
2024-10-26,27.8,32.0
2024-10-27,27.8,32.3
2024-10-28,27.9,32.7
2024-10-29,27.4,32.0
2024-10-30,27.5,32.6
2024-10-31,27.6,32.2
2024-11-01,27.0,32.9
2024-11-02,27.9,33.5
2024-11-03,28.3,34.7
2024-11-04,27.3,33.5
2024-11-05,27.1,32.7
2024-11-06,26.9,31.9
2024-11-07,27.1,33.0
2024-11-08,26.8,31.5
2024-11-09,27.0,32.2
2024-11-10,26.8,31.0
2024-11-11,26.1,31.1
2024-11-12,26.4,31.5
2024-11-13,27.6,34.0
2024-11-14,26.7,32.0
2024-11-15,25.6,30.3
2024-11-16,25.5,30.9
2024-11-17,25.9,33.1
2024-11-18,26.3,33.0
2024-11-19,25.7,30.8
2024-11-20,26.0,31.0
2024-11-21,25.6,31.4
2024-11-22,26.2,31.5
2024-11-23,25.9,30.5
2024-11-24,25.5,30.6
2024-11-25,24.7,29.0
2024-11-26,26.4,29.8
2024-11-27,28.0,32.8
2024-11-28,23.4,26.2
2024-11-29,20.2,23.5
2024-11-30,20.4,24.2
2024-12-01,20.2,23.8
2024-12-02,20.2,24.0
2024-12-03,20.1,24.5
2024-12-04,20.9,25.2
2024-12-05,21.6,27.0
2024-12-06,22.7,28.5
2024-12-07,23.3,28.1
2024-12-08,21.9,26.2
2024-12-09,21.2,26.5
2024-12-10,20.8,25.9
2024-12-11,21.1,25.5
2024-12-12,21.6,25.3
2024-12-13,21.5,26.0
2024-12-14,20.7,25.9
2024-12-15,18.2,21.6
2024-12-16,16.3,20.4
2024-12-17,17.6,21.9
2024-12-18,17.7,22.1
2024-12-19,17.7,21.9
2024-12-20,17.6,22.5
2024-12-21,18.0,24.3
2024-12-22,16.1,18.9
2024-12-23,17.3,22.4
2024-12-24,18.4,23.5
2024-12-25,18.7,23.4
2024-12-26,18.9,23.4
2024-12-27,19.0,23.9
2024-12-28,19.7,25.6
2024-12-29,21.3,27.3
2024-12-30,20.3,25.4
2024-12-31,21.8,26.9
2025-01-01,19.2,21.9
2025-01-02,17.5,20.6
2025-01-03,16.9,20.4
2025-01-04,16.9,21.0
2025-01-05,16.3,20.8
2025-01-06,16.2,20.8
2025-01-07,17.4,22.6
2025-01-08,18.6,23.2
2025-01-09,17.7,22.0
2025-01-10,18.3,23.5
2025-01-11,17.3,22.4
2025-01-12,18.2,23.6
2025-01-13,18.2,23.1
2025-01-14,16.9,21.0
2025-01-15,17.7,22.4
2025-01-16,17.5,22.6
2025-01-17,18.2,23.8
2025-01-18,17.5,21.4
2025-01-19,17.0,22.0
2025-01-20,17.3,22.6
2025-01-21,17.4,23.0
2025-01-22,18.4,22.5
2025-01-23,19.0,23.3
2025-01-24,19.0,22.8
2025-01-25,18.5,23.0
2025-01-26,18.6,23.4
2025-01-27,19.4,23.3
2025-01-28,19.4,23.0
2025-01-29,19.0,23.6
2025-01-30,18.3,22.0
2025-01-31,17.6,22.0
2025-02-01,17.9,23.0
2025-02-02,18.2,23.1
2025-02-03,17.5,22.8
2025-02-04,17.1,22.7
2025-02-05,17.7,22.9
2025-02-06,20.9,23.8
2025-02-07,21.5,24.9
2025-02-08,18.5,22.4
2025-02-09,17.6,21.3
2025-02-10,16.8,20.9
2025-02-11,17.7,22.8
2025-02-12,20.3,23.8
2025-02-13,22.1,28.5
2025-02-14,21.1,25.2
2025-02-15,18.8,22.6
2025-02-16,18.6,21.3
2025-02-17,20.2,22.6
2025-02-18,18.6,21.5
2025-02-19,19.0,24.4
2025-02-20,19.4,22.0
2025-02-21,20.8,26.5
2025-02-22,19.7,24.5
2025-02-23,21.7,27.1
2025-02-24,18.5,20.6
2025-02-25,16.1,18.5
2025-02-26,15.4,19.5
2025-02-27,14.8,16.4
2025-02-28,16.8,21.0
2025-03-01,18.1,23.1
2025-03-02,18.4,23.0
2025-03-03,18.2,23.0
2025-03-04,17.7,21.4
2025-03-05,21.7,24.9
2025-03-06,21.5,22.9
2025-03-07,23.3,27.1
2025-03-08,24.0,27.6
2025-03-09,21.0,24.6
2025-03-10,20.4,23.6
2025-03-11,22.5,27.5
2025-03-12,22.7,27.8
2025-03-13,22.3,27.2
2025-03-14,22.8,29.0
2025-03-15,23.3,29.8
2025-03-16,23.0,28.8
2025-03-17,23.2,28.6
2025-03-18,23.3,29.1
2025-03-19,23.7,29.7
2025-03-20,24.7,29.6
2025-03-21,25.6,33.5
2025-03-22,27.3,33.5
2025-03-23,23.3,26.0
2025-03-24,21.2,24.5
2025-03-25,20.4,24.0
2025-03-26,21.7,27.5
2025-03-27,20.9,27.9
2025-03-28,21.0,27.0
2025-03-29,22.2,28.2
2025-03-30,23.0,28.9
2025-03-31,25.2,32.0
2025-04-01,27.5,34.7
2025-04-02,29.1,36.5
2025-04-03,29.3,35.1
2025-04-04,28.8,35.3
2025-04-05,29.1,34.8
2025-04-06,29.2,35.8
2025-04-07,29.8,36.1
2025-04-08,31.4,36.5
2025-04-09,31.0,36.8
2025-04-10,29.3,35.8
2025-04-11,29.4,36.3
2025-04-12,29.4,34.8
2025-04-13,28.8,34.0
2025-04-14,29.2,36.3
2025-04-15,28.5,33.9
2025-04-16,27.1,31.5
2025-04-17,25.4,30.6
2025-04-18,25.5,30.2
2025-04-19,26.9,31.8
2025-04-20,27.5,32.2
2025-04-21,27.8,32.8
2025-04-22,29.4,34.0
2025-04-23,32.8,40.3
2025-04-24,32.3,39.8
2025-04-25,30.8,38.2
2025-04-26,29.7,36.2
2025-04-27,32.0,41.7
2025-04-28,33.1,41.1
2025-04-29,32.6,39.7
2025-04-30,32.5,39.2
2025-05-01,33.2,40.3
2025-05-02,34.4,40.3
2025-05-03,35.4,42.7
2025-05-04,35.6,44.0
2025-05-05,34.4,39.6
2025-05-06,32.8,37.0
2025-05-07,30.5,33.8
2025-05-08,31.0,35.2
2025-05-09,31.8,37.2
2025-05-10,30.8,38.5
2025-05-11,28.4,34.5
2025-05-12,30.6,37.8
2025-05-13,31.7,39.2
2025-05-14,33.0,41.2
2025-05-15,32.6,38.8
2025-05-16,34.0,41.5
2025-05-17,32.4,37.0
2025-05-18,32.1,39.2
2025-05-19,33.1,42.0
2025-05-20,36.9,45.8
2025-05-21,36.4,40.2
2025-05-22,34.3,42.5
2025-05-23,31.9,38.6
2025-05-24,35.0,42.2
2025-05-25,36.7,43.7
2025-05-26,36.7,42.2
2025-05-27,37.3,43.8
2025-05-28,36.3,44.0
2025-05-29,35.7,43.6
2025-05-30,36.6,42.5
2025-05-31,35.2,40.9
2025-06-01,35.1,41.2
2025-06-02,37.6,43.1
2025-06-03,35.2,39.0
2025-06-04,33.8,38.1
2025-06-05,33.9,39.0
2025-06-06,33.4,39.7
2025-06-07,31.5,37.8
2025-06-08,31.3,38.2
2025-06-09,31.2,37.0
2025-06-10,32.2,37.8
2025-06-11,34.3,40.5
2025-06-12,35.3,43.5
2025-06-13,36.1,45.4
2025-06-14,36.2,45.4
2025-06-15,37.5,45.5
2025-06-16,38.3,45.8
2025-06-17,37.8,44.2
2025-06-18,37.3,42.2
2025-06-19,35.7,40.0
2025-06-20,36.3,41.5
2025-06-21,35.8,42.5
2025-06-22,36.0,42.3
2025-06-23,36.7,43.6
2025-06-24,38.1,43.5
2025-06-25,38.2,42.9
2025-06-26,38.1,43.8
2025-06-27,37.2,44.5
2025-06-28,37.5,45.8
2025-06-29,38.7,46.5
2025-06-30,39.0,46.5
2025-07-01,38.8,46.0
2025-07-02,36.9,41.8
2025-07-03,37.7,42.4
2025-07-04,37.8,42.9
2025-07-05,36.9,41.7
2025-07-06,35.7,39.6
2025-07-07,35.4,41.0
2025-07-08,34.9,43.2
2025-07-09,35.8,44.5
2025-07-10,35.6,42.8
2025-07-11,33.8,40.3
2025-07-12,33.9,40.1
2025-07-13,34.4,39.4
2025-07-14,36.1,42.8
2025-07-15,37.1,43.7
2025-07-16,37.3,43.3
2025-07-17,37.3,44.4
2025-07-18,37.2,44.5
2025-07-19,38.8,44.2
2025-07-20,37.9,43.8
2025-07-21,36.4,42.7
2025-07-22,36.5,41.8
2025-07-23,39.3,45.1
2025-07-24,38.1,44.0
2025-07-25,34.7,40.0
2025-07-26,36.0,42.2
2025-07-27,36.4,43.2
2025-07-28,36.3,43.5
2025-07-29,37.0,44.0
2025-07-30,40.0,48.2
2025-07-31,40.1,44.8
2025-08-01,38.9,42.8
2025-08-02,36.3,41.7
2025-08-03,37.5,43.7
2025-08-04,35.8,40.5
2025-08-05,34.8,39.2
2025-08-06,36.6,41.8
2025-08-07,38.0,43.8
2025-08-08,37.4,44.0
2025-08-09,36.7,41.2
2025-08-10,36.1,40.5
2025-08-11,37.3,43.2
2025-08-12,38.0,44.9
2025-08-13,38.0,44.8
2025-08-14,37.4,43.9
2025-08-15,35.7,39.5
2025-08-16,36.0,39.3
2025-08-17,36.4,42.7
2025-08-18,36.1,41.2
2025-08-19,36.3,42.2
2025-08-20,35.6,40.8
2025-08-21,35.5,39.0
2025-08-22,36.6,42.2
2025-08-23,37.3,43.8
2025-08-24,37.2,45.2
2025-08-25,38.4,45.8
2025-08-26,37.0,43.6
2025-08-27,35.4,39.7
2025-08-28,35.0,39.7
2025-08-29,35.8,41.5
2025-08-30,36.1,43.5
2025-08-31,35.2,40.8
2025-09-01,35.6,41.3
2025-09-02,37.4,43.5
2025-09-03,34.8,39.3
2025-09-04,34.0,36.5
2025-09-05,34.9,39.8
2025-09-06,36.0,40.7
2025-09-07,38.1,45.1
2025-09-08,38.3,44.9
2025-09-09,36.4,43.9
2025-09-10,34.3,40.0
2025-09-11,33.3,39.3
2025-09-12,33.6,38.1
2025-09-13,34.2,37.8
2025-09-14,33.8,36.5
2025-09-15,34.1,37.3
2025-09-16,34.2,40.5
2025-09-17,34.0,40.0
2025-09-18,36.7,43.8
2025-09-19,36.0,44.6
2025-09-20,33.0,38.2
2025-09-21,33.1,38.8
2025-09-22,34.0,40.0
2025-09-23,35.6,40.6
2025-09-24,33.7,38.6
2025-09-25,32.8,38.0
2025-09-26,31.2,36.3
2025-09-27,31.2,35.3
2025-09-28,33.0,37.8
2025-09-29,34.1,39.3
2025-09-30,33.1,38.3
2025-10-01,34.1,40.5
2025-10-02,32.6,37.5
2025-10-03,30.8,37.0
2025-10-04,30.7,37.8
2025-10-05,29.8,35.5
2025-10-06,30.4,36.7
2025-10-07,31.1,36.7
2025-10-08,30.7,35.9
2025-10-09,31.1,35.5
2025-10-10,31.0,37.2
2025-10-11,30.8,36.3
2025-10-12,30.1,34.2
2025-10-13,30.4,35.0
2025-10-14,30.2,34.2
2025-10-15,30.1,36.5
2025-10-16,29.3,34.0
2025-10-17,29.2,34.3
2025-10-18,29.5,34.6
2025-10-19,29.4,34.6
2025-10-20,30.5,36.8
2025-10-21,29.4,34.9
2025-10-22,28.7,33.5
2025-10-23,29.3,35.0
2025-10-24,29.1,35.7
2025-10-25,28.5,34.5
2025-10-26,28.9,36.3
2025-10-27,28.9,35.2
2025-10-28,28.6,33.2
2025-10-29,27.8,32.2
2025-10-30,27.1,31.3
2025-10-31,27.2,31.5
2025-11-01,27.3,32.1
2025-11-02,27.4,32.6
2025-11-03,26.6,32.0
2025-11-04,26.6,31.9
2025-11-05,27.0,31.5
2025-11-06,26.8,31.8
2025-11-07,26.8,31.0
2025-11-08,27.3,31.6
2025-11-09,26.9,31.6
2025-11-10,25.0,30.4
2025-11-11,25.1,30.4
2025-11-12,25.4,29.9
2025-11-13,24.9,29.5
2025-11-14,24.8,29.8
2025-11-15,25.6,31.1
2025-11-16,26.7,31.8
2025-11-17,26.2,30.6
2025-11-18,27.2,32.8
2025-11-19,26.6,31.1
2025-11-20,25.7,30.8
2025-11-21,25.9,31.1
2025-11-22,24.7,29.8
2025-11-23,23.9,28.8
2025-11-24,24.2,30.0
2025-11-25,23.8,29.0
2025-11-26,23.8,29.0
2025-11-27,23.6,28.5
2025-11-28,23.4,28.3
2025-11-29,23.1,28.4
2025-11-30,22.4,26.9
2025-12-01,22.8,27.6
2025-12-02,22.5,27.9
2025-12-03,22.8,28.6
2025-12-04,22.9,27.5
2025-12-05,24.4,28.7
2025-12-06,23.3,27.0
2025-12-07,23.3,27.5
2025-12-08,24.0,28.0
2025-12-09,24.1,28.5
2025-12-10,25.1,28.4
2025-12-11,24.8,27.8
2025-12-12,25.4,29.2
2025-12-13,23.6,26.3
2025-12-14,20.7,23.5
2025-12-15,22.1,25.2
2025-12-16,19.1,22.1
2025-12-17,19.5,23.1
2025-12-18,18.9,24.0
2025-12-19,14.3,17.2
2025-12-20,14.3,17.1
2025-12-21,17.8,22.1
2025-12-22,19.5,23.5
2025-12-23,19.4,23.1
2025-12-24,18.5,23.0
2025-12-25,18.4,23.5
2025-12-26,19.3,23.6
2025-12-27,20.4,24.0
2025-12-28,22.4,25.1
2025-12-29,21.8,25.9
2025-12-30,19.8,24.5
2025-12-31,17.2,19.9
2026-01-01,16.9,22.3
2026-01-02,18.8,25.4
2026-01-03,19.7,26.8
2026-01-04,19.3,23.3
2026-01-05,17.3,22.1
2026-01-06,17.5,22.4
2026-01-07,17.5,21.9
2026-01-08,18.2,23.0
2026-01-09,18.2,23.4
2026-01-10,18.6,23.9
2026-01-11,18.4,23.4
2026-01-12,18.4,22.9
2026-01-13,18.5,23.8
2026-01-14,21.1,26.0
2026-01-15,19.3,22.2
2026-01-16,16.5,20.0
2026-01-17,15.2,19.5
2026-01-18,16.5,22.2
2026-01-19,18.2,23.8
2026-01-20,18.8,23.6
2026-01-21,16.0,19.5
2026-01-22,15.2,18.9
2026-01-23,15.8,20.1
2026-01-24,17.0,21.2
2026-01-25,19.2,24.5
2026-01-26,17.1,21.6
2026-01-27,17.1,22.0
2026-01-28,17.7,22.8
2026-01-29,20.4,26.0
2026-01-30,18.9,23.5
2026-01-31,17.9,23.2
2026-02-01,20.1,26.8
2026-02-02,21.2,28.0
2026-02-03,19.8,25.5
2026-02-04,21.8,27.4
2026-02-05,19.4,22.9
2026-02-06,18.8,22.2
2026-02-07,20.0,21.7
2026-02-08,22.4,27.9
2026-02-09,21.7,26.8
2026-02-10,22.3,29.2
2026-02-11,22.6,28.1
2026-02-12,22.1,27.5
2026-02-13,23.0,29.0
2026-02-14,23.5,30.4
2026-02-15,23.9,31.0
2026-02-16,21.3,25.1
2026-02-17,21.4,27.7
2026-02-18,21.0,27.1
2026-02-19,22.4,28.5
2026-02-20,23.0,28.9
2026-02-21,22.9,29.0
2026-02-22,22.6,29.8
2026-02-23,22.3,29.4
2026-02-24,22.6,29.9
2026-02-25,22.5,27.4
2026-02-26,21.0,26.2
2026-02-27,20.9,27.0
2026-02-28,22.3,27.2
2026-03-01,22.7,26.4
2026-03-02,22.2,26.4
2026-03-03,21.7,24.5
2026-03-04,19.6,21.0
2026-03-05,19.4,23.8
2026-03-06,20.0,25.4
2026-03-07,21.7,28.2
2026-03-08,20.7,24.2
2026-03-09,22.2,26.6
2026-03-10,21.2,23.5
2026-03-11,21.5,24.6
2026-03-12,22.2,25.4
2026-03-13,23.8,28.0
